id_photo,id_personne,note
1,1,4
1,2,5
1,3,5
1,4,5
1,5,5
1,6,5
1,7,3
1,8,2
1,9,4
1,10,4
1,11,4
1,12,5
1,13,5
1,14,5
1,15,5
1,16,5
1,17,5
1,18,5
1,19,5
1,20,4
1,21,5
1,22,5
1,23,5
1,24,4
1,25,5
1,26,5
1,27,4
1,28,5
1,29,5
1,30,5
1,31,4
1,32,5
1,33,5
1,34,4
1,35,4
1,36,4
1,37,2
1,38,5
1,39,5
1,40,5
1,41,4
1,42,4
1,43,5
1,44,5
1,45,1
1,46,5
1,47,5
1,48,5
1,49,5
1,50,5
1,51,4
1,52,3
1,53,5
1,54,5
1,55,5
1,56,5
1,57,5
1,58,4
1,59,5
1,60,4
1,61,5
1,62,5
1,63,5
1,64,5
1,65,4
1,66,3
1,67,5
1,68,5
1,69,5
1,70,5
1,71,4
1,72,5
1,73,5
1,74,5
1,75,5
1,76,4
1,77,4
1,78,4
1,79,5
1,80,5
1,81,5
1,82,5
1,83,5
1,84,5
1,85,5
1,86,5
1,87,5
1,88,5
1,89,5
1,90,5
1,91,5
1,92,4
1,93,5
1,94,5
1,95,5
1,96,5
1,97,4
1,98,4
1,99,4
1,100,4
1,101,5
1,102,5
1,103,5
1,104,4
1,105,5
1,106,5
1,107,5
1,108,4
1,109,5
1,110,4
1,111,5
1,112,3
1,113,5
1,114,5
1,115,5
1,116,5
1,117,5
1,118,4
1,119,4
1,120,4
1,121,5
1,122,4
1,123,5
1,124,3
1,125,5
1,126,5
1,127,4
1,128,5
1,129,5
1,130,4
1,131,5
1,132,5
1,133,5
1,134,5
1,135,5
1,136,5
1,137,5
1,138,5
1,139,5
1,140,5
1,141,5
1,142,5
1,143,4
1,144,5
1,145,5
1,146,3
1,147,5
1,148,5
1,149,4
1,150,5
1,151,5
1,152,4
1,153,5
1,154,5
1,155,5
1,156,4
1,157,4
1,158,5
1,159,5
1,160,5
1,161,5
1,162,5
1,163,5
1,164,5
1,165,5
1,166,5
1,167,5
1,168,4
1,169,5
1,170,5
1,171,4
1,172,5
1,173,5
1,174,4
1,175,4
1,176,5
1,177,4
1,178,4
1,179,5
1,180,5
1,181,5
1,182,5
1,183,5
1,184,5
1,185,4
1,186,4
1,187,5
1,188,4
1,189,4
1,190,5
1,191,5
1,192,3
1,193,4
1,194,5
1,195,5
1,196,5
1,197,4
1,198,5
1,199,5
1,200,5
1,201,3
1,202,5
1,203,4
1,204,5
1,205,5
1,206,3
1,207,5
1,208,5
1,209,5
1,210,5
1,211,5
1,212,5
1,213,5
1,214,5
1,215,5
1,216,5
1,217,5
1,218,4
1,219,5
1,220,5
2,1,3
2,2,5
2,3,4
2,4,5
2,5,4
2,6,4
2,7,2
2,8,3
2,9,3
2,10,5
2,11,4
2,12,5
2,13,4
2,14,3
2,15,5
2,16,5
2,17,4
2,18,5
2,19,4
2,20,2
2,21,3
2,22,4
2,23,5
2,24,3
2,25,5
2,26,4
2,27,5
2,28,5
2,29,5
2,30,3
2,31,4
2,32,5
2,33,2
2,34,3
2,35,3
2,36,2
2,37,4
2,38,5
2,39,4
2,40,3
2,41,3
2,42,1
2,43,5
2,44,5
2,45,1
2,46,3
2,47,5
2,48,3
2,49,4
2,50,4
2,51,5
2,52,3
2,53,4
2,54,4
2,55,5
2,56,4
2,57,5
2,58,5
2,59,4
2,60,5
2,61,5
2,62,5
2,63,4
2,64,5
2,65,4
2,66,4
2,67,3
2,68,5
2,69,5
2,70,4
2,71,5
2,72,4
2,73,2
2,74,4
2,75,3
2,76,4
2,77,5
2,78,5
2,79,4
2,80,5
2,81,5
2,82,4
2,83,4
2,84,4
2,85,5
2,86,5
2,87,5
2,88,3
2,89,4
2,90,4
2,91,3
2,92,2
2,93,4
2,94,5
2,95,5
2,96,4
2,97,5
2,98,5
2,99,4
2,100,4
2,101,3
2,102,5
2,103,5
2,104,4
2,105,5
2,106,5
2,107,5
2,108,5
2,109,5
2,110,3
2,111,4
2,112,2
2,113,4
2,114,4
2,115,5
2,116,4
2,117,4
2,118,4
2,119,5
2,120,4
2,121,5
2,122,3
2,123,4
2,124,5
2,125,5
2,126,3
2,127,5
2,128,4
2,129,4
2,130,3
2,131,3
2,132,4
2,133,4
2,134,4
2,135,4
2,136,4
2,137,3
2,138,4
2,139,5
2,140,4
2,141,5
2,142,4
2,143,4
2,144,5
2,145,5
2,146,5
2,147,5
2,148,5
2,149,5
2,150,5
2,151,4
2,152,5
2,153,4
2,154,4
2,155,3
2,156,4
2,157,2
2,158,4
2,159,5
2,160,3
2,161,5
2,162,5
2,163,4
2,164,5
2,165,4
2,166,3
2,167,5
2,168,2
2,169,3
2,170,5
2,171,3
2,172,5
2,173,5
2,174,5
2,175,2
2,176,4
2,177,4
2,178,5
2,179,5
2,180,4
2,181,4
2,182,4
2,183,4
2,184,4
2,185,4
2,186,4
2,187,5
2,188,4
2,189,5
2,190,4
2,191,3
2,192,3
2,193,4
2,194,4
2,195,5
2,196,3
2,197,5
2,198,5
2,199,4
2,200,5
2,201,3
2,202,4
2,203,3
2,204,4
2,205,5
2,206,3
2,207,4
2,208,3
2,209,5
2,210,5
2,211,5
2,212,4
2,213,5
2,214,5
2,215,4
2,216,5
2,217,4
2,218,4
2,219,4
2,220,5
3,1,3
3,2,4
3,3,3
3,4,3
3,5,3
3,6,3
3,7,2
3,8,2
3,9,2
3,10,2
3,11,3
3,12,4
3,13,3
3,14,2
3,15,4
3,16,3
3,17,4
3,18,4
3,19,3
3,20,2
3,21,3
3,22,2
3,23,4
3,24,4
3,25,3
3,26,4
3,27,3
3,28,4
3,29,4
3,30,3
3,31,3
3,32,4
3,33,2
3,34,2
3,35,2
3,36,4
3,37,2
3,38,4
3,39,4
3,40,3
3,41,5
3,42,3
3,43,4
3,44,4
3,45,2
3,46,3
3,47,4
3,48,4
3,49,3
3,50,4
3,51,3
3,52,2
3,53,5
3,54,1
3,55,4
3,56,3
3,57,4
3,58,3
3,59,4
3,60,3
3,61,3
3,62,2
3,63,4
3,64,3
3,65,2
3,66,4
3,67,3
3,68,3
3,69,4
3,70,1
3,71,2
3,72,3
3,73,3
3,74,4
3,75,2
3,76,3
3,77,3
3,78,3
3,79,2
3,80,2
3,81,3
3,82,1
3,83,4
3,84,3
3,85,3
3,86,3
3,87,3
3,88,4
3,89,2
3,90,3
3,91,3
3,92,2
3,93,3
3,94,4
3,95,4
3,96,3
3,97,2
3,98,3
3,99,2
3,100,3
3,101,2
3,102,1
3,103,4
3,104,3
3,105,3
3,106,3
3,107,3
3,108,2
3,109,3
3,110,3
3,111,3
3,112,2
3,113,3
3,114,3
3,115,4
3,116,3
3,117,3
3,118,3
3,119,3
3,120,2
3,121,3
3,122,2
3,123,5
3,124,3
3,125,4
3,126,4
3,127,2
3,128,4
3,129,2
3,130,1
3,131,4
3,132,3
3,133,5
3,134,3
3,135,3
3,136,3
3,137,2
3,138,4
3,139,4
3,140,4
3,141,4
3,142,3
3,143,3
3,144,4
3,145,4
3,146,2
3,147,4
3,148,4
3,149,3
3,150,4
3,151,3
3,152,3
3,153,3
3,154,4
3,155,4
3,156,4
3,157,1
3,158,2
3,159,5
3,160,2
3,161,5
3,162,3
3,163,2
3,164,4
3,165,4
3,166,2
3,167,4
3,168,3
3,169,4
3,170,2
3,171,4
3,172,3
3,173,3
3,174,3
3,175,3
3,176,3
3,177,3
3,178,4
3,179,4
3,180,4
3,181,3
3,182,4
3,183,3
3,184,2
3,185,2
3,186,4
3,187,4
3,188,3
3,189,3
3,190,2
3,191,3
3,192,3
3,193,3
3,194,3
3,195,2
3,196,4
3,197,3
3,198,4
3,199,3
3,200,2
3,201,4
3,202,3
3,203,2
3,204,4
3,205,4
3,206,5
3,207,4
3,208,2
3,209,4
3,210,2
3,211,5
3,212,5
3,213,2
3,214,3
3,215,2
3,216,1
3,217,4
3,218,4
3,219,3
3,220,4
4,1,3
4,2,4
4,3,3
4,4,4
4,5,2
4,6,2
4,7,1
4,8,3
4,9,2
4,10,1
4,11,3
4,12,4
4,13,2
4,14,2
4,15,3
4,16,2
4,17,3
4,18,4
4,19,2
4,20,2
4,21,2
4,22,2
4,23,1
4,24,2
4,25,3
4,26,2
4,27,3
4,28,2
4,29,4
4,30,2
4,31,3
4,32,3
4,33,2
4,34,2
4,35,1
4,36,3
4,37,3
4,38,3
4,39,3
4,40,2
4,41,3
4,42,3
4,43,3
4,44,3
4,45,2
4,46,1
4,47,4
4,48,2
4,49,4
4,50,2
4,51,2
4,52,2
4,53,3
4,54,2
4,55,4
4,56,2
4,57,4
4,58,2
4,59,4
4,60,3
4,61,3
4,62,2
4,63,2
4,64,2
4,65,3
4,66,4
4,67,4
4,68,3
4,69,4
4,70,2
4,71,2
4,72,3
4,73,1
4,74,4
4,75,1
4,76,2
4,77,2
4,78,2
4,79,2
4,80,1
4,81,2
4,82,1
4,83,3
4,84,3
4,85,2
4,86,3
4,87,2
4,88,4
4,89,1
4,90,3
4,91,3
4,92,1
4,93,3
4,94,3
4,95,3
4,96,2
4,97,2
4,98,2
4,99,2
4,100,2
4,101,1
4,102,2
4,103,3
4,104,3
4,105,2
4,106,2
4,107,1
4,108,2
4,109,1
4,110,2
4,111,3
4,112,1
4,113,1
4,114,1
4,115,4
4,116,1
4,117,1
4,118,2
4,119,3
4,120,2
4,121,5
4,122,1
4,123,4
4,124,2
4,125,4
4,126,2
4,127,3
4,128,3
4,129,3
4,130,1
4,131,3
4,132,2
4,133,4
4,134,2
4,135,1
4,136,3
4,137,2
4,138,3
4,139,2
4,140,3
4,141,3
4,142,3
4,143,2
4,144,4
4,145,2
4,146,1
4,147,3
4,148,3
4,149,1
4,150,2
4,151,1
4,152,2
4,153,1
4,154,3
4,155,2
4,156,3
4,157,2
4,158,1
4,159,2
4,160,1
4,161,1
4,162,3
4,163,1
4,164,4
4,165,3
4,166,1
4,167,4
4,168,2
4,169,3
4,170,1
4,171,3
4,172,2
4,173,3
4,174,2
4,175,1
4,176,4
4,177,3
4,178,2
4,179,3
4,180,2
4,181,2
4,182,3
4,183,4
4,184,1
4,185,2
4,186,4
4,187,3
4,188,2
4,189,2
4,190,1
4,191,2
4,192,3
4,193,3
4,194,2
4,195,1
4,196,2
4,197,2
4,198,4
4,199,2
4,200,2
4,201,1
4,202,2
4,203,3
4,204,3
4,205,3
4,206,1
4,207,2
4,208,2
4,209,3
4,210,1
4,211,3
4,212,3
4,213,2
4,214,2
4,215,2
4,216,2
4,217,4
4,218,2
4,219,3
4,220,3
5,1,3
5,2,4
5,3,4
5,4,5
5,5,4
5,6,3
5,7,4
5,8,4
5,9,2
5,10,4
5,11,3
5,12,4
5,13,4
5,14,4
5,15,5
5,16,4
5,17,5
5,18,4
5,19,3
5,20,2
5,21,5
5,22,4
5,23,4
5,24,5
5,25,4
5,26,5
5,27,4
5,28,5
5,29,4
5,30,5
5,31,4
5,32,4
5,33,4
5,34,4
5,35,4
5,36,4
5,37,1
5,38,4
5,39,2
5,40,5
5,41,3
5,42,4
5,43,5
5,44,4
5,45,3
5,46,5
5,47,5
5,48,2
5,49,5
5,50,5
5,51,4
5,52,4
5,53,5
5,54,5
5,55,4
5,56,1
5,57,5
5,58,4
5,59,5
5,60,4
5,61,5
5,62,5
5,63,4
5,64,5
5,65,4
5,66,1
5,67,5
5,68,5
5,69,5
5,70,5
5,71,3
5,72,4
5,73,3
5,74,3
5,75,4
5,76,3
5,77,3
5,78,4
5,79,5
5,80,3
5,81,4
5,82,4
5,83,4
5,84,4
5,85,3
5,86,4
5,87,5
5,88,4
5,89,2
5,90,5
5,91,5
5,92,4
5,93,4
5,94,4
5,95,5
5,96,4
5,97,5
5,98,4
5,99,3
5,100,4
5,101,5
5,102,4
5,103,5
5,104,5
5,105,5
5,106,5
5,107,4
5,108,2
5,109,5
5,110,4
5,111,5
5,112,3
5,113,4
5,114,4
5,115,5
5,116,4
5,117,5
5,118,3
5,119,4
5,120,3
5,121,5
5,122,1
5,123,5
5,124,3
5,125,4
5,126,4
5,127,5
5,128,4
5,129,3
5,130,4
5,131,4
5,132,2
5,133,5
5,134,5
5,135,4
5,136,4
5,137,2
5,138,5
5,139,5
5,140,5
5,141,4
5,142,5
5,143,4
5,144,5
5,145,5
5,146,4
5,147,5
5,148,5
5,149,3
5,150,3
5,151,2
5,152,4
5,153,5
5,154,5
5,155,3
5,156,5
5,157,3
5,158,4
5,159,5
5,160,4
5,161,1
5,162,5
5,163,1
5,164,5
5,165,5
5,166,4
5,167,5
5,168,3
5,169,4
5,170,3
5,171,3
5,172,4
5,173,5
5,174,5
5,175,2
5,176,3
5,177,4
5,178,4
5,179,5
5,180,4
5,181,4
5,182,5
5,183,3
5,184,5
5,185,3
5,186,5
5,187,4
5,188,3
5,189,4
5,190,4
5,191,4
5,192,4
5,193,4
5,194,4
5,195,4
5,196,5
5,197,2
5,198,5
5,199,4
5,200,3
5,201,1
5,202,3
5,203,3
5,204,4
5,205,5
5,206,5
5,207,5
5,208,4
5,209,4
5,210,5
5,211,5
5,212,5
5,213,4
5,214,4
5,215,4
5,216,4
5,217,4
5,218,4
5,219,5
5,220,5
6,1,2
6,2,4
6,3,4
6,4,5
6,5,3
6,6,4
6,7,4
6,8,5
6,9,5
6,10,4
6,11,4
6,12,5
6,13,5
6,14,3
6,15,4
6,16,5
6,17,4
6,18,5
6,19,2
6,20,2
6,21,4
6,22,4
6,23,4
6,24,4
6,25,5
6,26,1
6,27,4
6,28,4
6,29,5
6,30,2
6,31,4
6,32,5
6,33,3
6,34,4
6,35,4
6,36,2
6,37,1
6,38,3
6,39,4
6,40,3
6,41,5
6,42,2
6,43,4
6,44,4
6,45,4
6,46,4
6,47,3
6,48,4
6,49,4
6,50,4
6,51,4
6,52,1
6,53,5
6,54,4
6,55,3
6,56,3
6,57,5
6,58,5
6,59,4
6,60,4
6,61,5
6,62,5
6,63,3
6,64,4
6,65,5
6,66,5
6,67,3
6,68,4
6,69,3
6,70,5
6,71,4
6,72,5
6,73,2
6,74,3
6,75,4
6,76,5
6,77,4
6,78,5
6,79,4
6,80,4
6,81,4
6,82,5
6,83,5
6,84,3
6,85,2
6,86,4
6,87,4
6,88,5
6,89,4
6,90,3
6,91,4
6,92,2
6,93,4
6,94,4
6,95,5
6,96,2
6,97,4
6,98,5
6,99,5
6,100,4
6,101,4
6,102,4
6,103,5
6,104,4
6,105,5
6,106,4
6,107,5
6,108,4
6,109,5
6,110,3
6,111,3
6,112,5
6,113,3
6,114,3
6,115,4
6,116,3
6,117,2
6,118,5
6,119,4
6,120,5
6,121,4
6,122,5
6,123,4
6,124,3
6,125,5
6,126,5
6,127,5
6,128,2
6,129,4
6,130,3
6,131,4
6,132,4
6,133,4
6,134,5
6,135,5
6,136,4
6,137,3
6,138,5
6,139,3
6,140,4
6,141,3
6,142,4
6,143,4
6,144,5
6,145,5
6,146,5
6,147,3
6,148,4
6,149,4
6,150,5
6,151,3
6,152,5
6,153,5
6,154,4
6,155,5
6,156,3
6,157,3
6,158,3
6,159,5
6,160,4
6,161,5
6,162,4
6,163,3
6,164,2
6,165,5
6,166,5
6,167,4
6,168,4
6,169,3
6,170,4
6,171,4
6,172,4
6,173,4
6,174,4
6,175,4
6,176,4
6,177,4
6,178,2
6,179,3
6,180,5
6,181,4
6,182,3
6,183,3
6,184,2
6,185,4
6,186,4
6,187,1
6,188,5
6,189,5
6,190,2
6,191,4
6,192,3
6,193,3
6,194,5
6,195,4
6,196,5
6,197,4
6,198,5
6,199,3
6,200,3
6,201,5
6,202,5
6,203,3
6,204,4
6,205,5
6,206,1
6,207,3
6,208,3
6,209,5
6,210,5
6,211,2
6,212,5
6,213,5
6,214,2
6,215,2
6,216,4
6,217,4
6,218,5
6,219,5
6,220,3
7,1,1
7,2,3
7,3,4
7,4,4
7,5,3
7,6,2
7,7,4
7,8,3
7,9,3
7,10,2
7,11,3
7,12,1
7,13,1
7,14,1
7,15,3
7,16,2
7,17,2
7,18,2
7,19,4
7,20,2
7,21,3
7,22,2
7,23,2
7,24,2
7,25,2
7,26,2
7,27,4
7,28,1
7,29,3
7,30,2
7,31,2
7,32,3
7,33,1
7,34,2
7,35,1
7,36,3
7,37,4
7,38,3
7,39,4
7,40,2
7,41,5
7,42,3
7,43,2
7,44,5
7,45,2
7,46,2
7,47,4
7,48,2
7,49,3
7,50,3
7,51,2
7,52,2
7,53,3
7,54,1
7,55,3
7,56,2
7,57,2
7,58,1
7,59,4
7,60,1
7,61,3
7,62,2
7,63,2
7,64,2
7,65,1
7,66,4
7,67,3
7,68,3
7,69,2
7,70,3
7,71,2
7,72,3
7,73,1
7,74,3
7,75,1
7,76,3
7,77,3
7,78,1
7,79,2
7,80,1
7,81,2
7,82,1
7,83,3
7,84,3
7,85,2
7,86,3
7,87,1
7,88,2
7,89,1
7,90,2
7,91,3
7,92,1
7,93,3
7,94,2
7,95,2
7,96,3
7,97,1
7,98,2
7,99,2
7,100,2
7,101,1
7,102,3
7,103,3
7,104,4
7,105,3
7,106,3
7,107,1
7,108,1
7,109,2
7,110,2
7,111,2
7,112,1
7,113,1
7,114,2
7,115,3
7,116,1
7,117,1
7,118,2
7,119,3
7,120,1
7,121,4
7,122,2
7,123,4
7,124,1
7,125,4
7,126,2
7,127,3
7,128,2
7,129,2
7,130,1
7,131,4
7,132,1
7,133,4
7,134,2
7,135,1
7,136,2
7,137,2
7,138,1
7,139,2
7,140,3
7,141,1
7,142,2
7,143,2
7,144,1
7,145,2
7,146,1
7,147,2
7,148,3
7,149,1
7,150,1
7,151,2
7,152,2
7,153,2
7,154,1
7,155,2
7,156,3
7,157,3
7,158,2
7,159,2
7,160,1
7,161,1
7,162,4
7,163,1
7,164,2
7,165,2
7,166,3
7,167,4
7,168,3
7,169,1
7,170,1
7,171,2
7,172,3
7,173,2
7,174,2
7,175,3
7,176,4
7,177,2
7,178,2
7,179,3
7,180,2
7,181,2
7,182,3
7,183,2
7,184,1
7,185,3
7,186,3
7,187,1
7,188,3
7,189,3
7,190,1
7,191,3
7,192,3
7,193,3
7,194,3
7,195,1
7,196,2
7,197,2
7,198,3
7,199,5
7,200,1
7,201,1
7,202,1
7,203,3
7,204,2
7,205,1
7,206,1
7,207,4
7,208,1
7,209,3
7,210,1
7,211,1
7,212,2
7,213,2
7,214,3
7,215,2
7,216,3
7,217,3
7,218,3
7,219,4
7,220,3
8,1,3
8,2,3
8,3,3
8,4,5
8,5,4
8,6,2
8,7,3
8,8,4
8,9,2
8,10,3
8,11,2
8,12,4
8,13,3
8,14,1
8,15,4
8,16,3
8,17,3
8,18,3
8,19,3
8,20,2
8,21,4
8,22,2
8,23,2
8,24,2
8,25,3
8,26,4
8,27,4
8,28,3
8,29,4
8,30,2
8,31,3
8,32,3
8,33,3
8,34,2
8,35,1
8,36,3
8,37,3
8,38,4
8,39,4
8,40,3
8,41,4
8,42,3
8,43,3
8,44,3
8,45,2
8,46,4
8,47,5
8,48,4
8,49,3
8,50,3
8,51,2
8,52,2
8,53,4
8,54,2
8,55,4
8,56,2
8,57,4
8,58,2
8,59,3
8,60,2
8,61,4
8,62,2
8,63,2
8,64,3
8,65,3
8,66,4
8,67,4
8,68,4
8,69,4
8,70,3
8,71,2
8,72,3
8,73,3
8,74,4
8,75,2
8,76,3
8,77,4
8,78,1
8,79,3
8,80,2
8,81,2
8,82,3
8,83,4
8,84,3
8,85,3
8,86,4
8,87,3
8,88,4
8,89,3
8,90,3
8,91,2
8,92,2
8,93,4
8,94,3
8,95,4
8,96,3
8,97,2
8,98,3
8,99,2
8,100,3
8,101,2
8,102,2
8,103,4
8,104,3
8,105,3
8,106,3
8,107,2
8,108,2
8,109,3
8,110,2
8,111,3
8,112,2
8,113,2
8,114,3
8,115,5
8,116,3
8,117,2
8,118,2
8,119,3
8,120,2
8,121,5
8,122,2
8,123,4
8,124,3
8,125,4
8,126,3
8,127,4
8,128,3
8,129,2
8,130,1
8,131,4
8,132,3
8,133,5
8,134,3
8,135,2
8,136,3
8,137,2
8,138,4
8,139,3
8,140,4
8,141,3
8,142,3
8,143,3
8,144,4
8,145,4
8,146,2
8,147,3
8,148,4
8,149,2
8,150,3
8,151,3
8,152,2
8,153,2
8,154,3
8,155,3
8,156,3
8,157,3
8,158,4
8,159,4
8,160,3
8,161,3
8,162,4
8,163,2
8,164,4
8,165,3
8,166,4
8,167,4
8,168,3
8,169,4
8,170,2
8,171,2
8,172,5
8,173,3
8,174,3
8,175,2
8,176,4
8,177,3
8,178,3
8,179,3
8,180,3
8,181,2
8,182,4
8,183,4
8,184,1
8,185,2
8,186,3
8,187,3
8,188,3
8,189,5
8,190,2
8,191,4
8,192,2
8,193,3
8,194,3
8,195,3
8,196,2
8,197,2
8,198,4
8,199,4
8,200,2
8,201,1
8,202,3
8,203,2
8,204,3
8,205,3
8,206,2
8,207,4
8,208,2
8,209,3
8,210,2
8,211,2
8,212,4
8,213,3
8,214,3
8,215,3
8,216,3
8,217,4
8,218,2
8,219,4
8,220,3
9,1,4
9,2,5
9,3,5
9,4,5
9,5,4
9,6,3
9,7,2
9,8,3
9,9,2
9,10,4
9,11,4
9,12,4
9,13,4
9,14,5
9,15,5
9,16,4
9,17,4
9,18,3
9,19,4
9,20,2
9,21,5
9,22,5
9,23,5
9,24,4
9,25,2
9,26,3
9,27,3
9,28,5
9,29,4
9,30,4
9,31,3
9,32,4
9,33,2
9,34,3
9,35,4
9,36,3
9,37,1
9,38,4
9,39,5
9,40,5
9,41,4
9,42,4
9,43,4
9,44,2
9,45,3
9,46,5
9,47,5
9,48,5
9,49,5
9,50,5
9,51,4
9,52,3
9,53,5
9,54,4
9,55,5
9,56,3
9,57,4
9,58,3
9,59,4
9,60,5
9,61,5
9,62,5
9,63,3
9,64,4
9,65,3
9,66,1
9,67,5
9,68,5
9,69,5
9,70,5
9,71,5
9,72,4
9,73,5
9,74,4
9,75,4
9,76,3
9,77,3
9,78,4
9,79,3
9,80,5
9,81,4
9,82,4
9,83,5
9,84,3
9,85,5
9,86,2
9,87,4
9,88,5
9,89,3
9,90,4
9,91,5
9,92,4
9,93,3
9,94,4
9,95,5
9,96,4
9,97,3
9,98,4
9,99,3
9,100,3
9,101,5
9,102,4
9,103,5
9,104,5
9,105,5
9,106,4
9,107,5
9,108,2
9,109,5
9,110,4
9,111,3
9,112,1
9,113,4
9,114,3
9,115,5
9,116,4
9,117,5
9,118,5
9,119,4
9,120,3
9,121,5
9,122,1
9,123,5
9,124,2
9,125,4
9,126,5
9,127,5
9,128,5
9,129,4
9,130,3
9,131,4
9,132,4
9,133,4
9,134,5
9,135,4
9,136,4
9,137,4
9,138,4
9,139,5
9,140,5
9,141,3
9,142,5
9,143,3
9,144,5
9,145,5
9,146,3
9,147,4
9,148,5
9,149,4
9,150,4
9,151,3
9,152,3
9,153,5
9,154,5
9,155,5
9,156,4
9,157,3
9,158,4
9,159,4
9,160,3
9,161,4
9,162,4
9,163,5
9,164,3
9,165,4
9,166,5
9,167,5
9,168,3
9,169,5
9,170,3
9,171,3
9,172,5
9,173,5
9,174,4
9,175,3
9,176,5
9,177,4
9,178,3
9,179,5
9,180,5
9,181,3
9,182,4
9,183,4
9,184,4
9,185,4
9,186,4
9,187,3
9,188,3
9,189,5
9,190,3
9,191,3
9,192,4
9,193,3
9,194,5
9,195,3
9,196,5
9,197,2
9,198,5
9,199,2
9,200,4
9,201,4
9,202,2
9,203,3
9,204,4
9,205,5
9,206,4
9,207,5
9,208,4
9,209,5
9,210,4
9,211,4
9,212,5
9,213,4
9,214,4
9,215,5
9,216,4
9,217,5
9,218,1
9,219,4
9,220,5
10,1,2
10,2,4
10,3,3
10,4,4
10,5,4
10,6,2
10,7,3
10,8,3
10,9,2
10,10,3
10,11,2
10,12,3
10,13,3
10,14,1
10,15,4
10,16,4
10,17,4
10,18,4
10,19,2
10,20,3
10,21,3
10,22,2
10,23,2
10,24,3
10,25,3
10,26,3
10,27,4
10,28,4
10,29,4
10,30,3
10,31,3
10,32,3
10,33,3
10,34,2
10,35,1
10,36,3
10,37,2
10,38,4
10,39,4
10,40,2
10,41,4
10,42,3
10,43,3
10,44,3
10,45,2
10,46,4
10,47,5
10,48,5
10,49,4
10,50,4
10,51,2
10,52,2
10,53,4
10,54,3
10,55,4
10,56,2
10,57,4
10,58,3
10,59,4
10,60,3
10,61,4
10,62,2
10,63,2
10,64,4
10,65,2
10,66,4
10,67,4
10,68,4
10,69,4
10,70,2
10,71,3
10,72,3
10,73,3
10,74,3
10,75,3
10,76,3
10,77,3
10,78,2
10,79,3
10,80,2
10,81,1
10,82,3
10,83,4
10,84,3
10,85,3
10,86,3
10,87,3
10,88,4
10,89,2
10,90,3
10,91,4
10,92,3
10,93,4
10,94,3
10,95,5
10,96,2
10,97,3
10,98,3
10,99,2
10,100,3
10,101,2
10,102,2
10,103,4
10,104,3
10,105,3
10,106,2
10,107,3
10,108,2
10,109,3
10,110,3
10,111,3
10,112,2
10,113,2
10,114,3
10,115,5
10,116,3
10,117,3
10,118,3
10,119,3
10,120,2
10,121,5
10,122,2
10,123,4
10,124,3
10,125,4
10,126,4
10,127,4
10,128,3
10,129,2
10,130,1
10,131,4
10,132,3
10,133,4
10,134,3
10,135,3
10,136,3
10,137,3
10,138,3
10,139,4
10,140,4
10,141,3
10,142,3
10,143,3
10,144,5
10,145,4
10,146,2
10,147,4
10,148,4
10,149,3
10,150,3
10,151,3
10,152,2
10,153,2
10,154,4
10,155,3
10,156,4
10,157,3
10,158,4
10,159,3
10,160,1
10,161,3
10,162,4
10,163,2
10,164,3
10,165,3
10,166,4
10,167,4
10,168,4
10,169,3
10,170,2
10,171,3
10,172,5
10,173,3
10,174,3
10,175,2
10,176,4
10,177,3
10,178,3
10,179,3
10,180,3
10,181,3
10,182,4
10,183,4
10,184,2
10,185,2
10,186,3
10,187,2
10,188,3
10,189,4
10,190,1
10,191,4
10,192,3
10,193,3
10,194,3
10,195,3
10,196,4
10,197,2
10,198,4
10,199,4
10,200,2
10,201,2
10,202,3
10,203,3
10,204,3
10,205,4
10,206,3
10,207,4
10,208,2
10,209,4
10,210,2
10,211,2
10,212,4
10,213,3
10,214,4
10,215,4
10,216,2
10,217,4
10,218,2
10,219,4
10,220,3
11,1,4
11,2,4
11,3,4
11,4,5
11,5,4
11,6,4
11,7,4
11,8,3
11,9,5
11,10,5
11,11,4
11,12,5
11,13,5
11,14,5
11,15,5
11,16,5
11,17,5
11,18,5
11,19,5
11,20,3
11,21,5
11,22,5
11,23,5
11,24,3
11,25,5
11,26,5
11,27,5
11,28,5
11,29,5
11,30,5
11,31,5
11,32,4
11,33,5
11,34,4
11,35,5
11,36,3
11,37,2
11,38,5
11,39,3
11,40,5
11,41,4
11,42,5
11,43,5
11,44,2
11,45,1
11,46,2
11,47,5
11,48,3
11,49,5
11,50,5
11,51,5
11,52,4
11,53,2
11,54,5
11,55,5
11,56,4
11,57,5
11,58,4
11,59,5
11,60,5
11,61,5
11,62,5
11,63,5
11,64,5
11,65,3
11,66,3
11,67,4
11,68,5
11,69,5
11,70,5
11,71,3
11,72,5
11,73,2
11,74,4
11,75,3
11,76,4
11,77,4
11,78,3
11,79,5
11,80,4
11,81,4
11,82,5
11,83,5
11,84,5
11,85,5
11,86,5
11,87,5
11,88,5
11,89,3
11,90,4
11,91,5
11,92,5
11,93,4
11,94,5
11,95,5
11,96,5
11,97,4
11,98,4
11,99,4
11,100,5
11,101,5
11,102,5
11,103,4
11,104,5
11,105,5
11,106,4
11,107,5
11,108,4
11,109,5
11,110,4
11,111,5
11,112,4
11,113,5
11,114,4
11,115,5
11,116,5
11,117,5
11,118,4
11,119,4
11,120,5
11,121,5
11,122,4
11,123,5
11,124,4
11,125,5
11,126,5
11,127,5
11,128,4
11,129,5
11,130,3
11,131,4
11,132,4
11,133,5
11,134,5
11,135,5
11,136,5
11,137,5
11,138,4
11,139,5
11,140,5
11,141,5
11,142,5
11,143,4
11,144,5
11,145,5
11,146,4
11,147,5
11,148,5
11,149,5
11,150,5
11,151,4
11,152,4
11,153,5
11,154,4
11,155,5
11,156,4
11,157,4
11,158,5
11,159,5
11,160,5
11,161,5
11,162,5
11,163,4
11,164,4
11,165,5
11,166,3
11,167,5
11,168,3
11,169,5
11,170,5
11,171,4
11,172,5
11,173,5
11,174,4
11,175,4
11,176,5
11,177,4
11,178,5
11,179,5
11,180,5
11,181,5
11,182,5
11,183,5
11,184,4
11,185,3
11,186,5
11,187,5
11,188,5
11,189,4
11,190,4
11,191,3
11,192,3
11,193,4
11,194,5
11,195,4
11,196,5
11,197,2
11,198,5
11,199,5
11,200,4
11,201,4
11,202,5
11,203,3
11,204,4
11,205,5
11,206,4
11,207,4
11,208,4
11,209,5
11,210,3
11,211,4
11,212,5
11,213,5
11,214,5
11,215,4
11,216,4
11,217,5
11,218,3
11,219,5
11,220,5
12,1,4
12,2,3
12,3,3
12,4,5
12,5,2
12,6,1
12,7,2
12,8,4
12,9,3
12,10,2
12,11,2
12,12,3
12,13,2
12,14,1
12,15,4
12,16,1
12,17,3
12,18,4
12,19,2
12,20,3
12,21,4
12,22,4
12,23,4
12,24,3
12,25,1
12,26,2
12,27,2
12,28,3
12,29,5
12,30,3
12,31,2
12,32,3
12,33,2
12,34,1
12,35,1
12,36,4
12,37,2
12,38,1
12,39,2
12,40,2
12,41,5
12,42,2
12,43,2
12,44,3
12,45,2
12,46,1
12,47,5
12,48,3
12,49,3
12,50,3
12,51,1
12,52,2
12,53,2
12,54,3
12,55,4
12,56,1
12,57,4
12,58,4
12,59,4
12,60,1
12,61,3
12,62,4
12,63,4
12,64,1
12,65,3
12,66,3
12,67,2
12,68,4
12,69,3
12,70,1
12,71,1
12,72,2
12,73,2
12,74,2
12,75,5
12,76,4
12,77,1
12,78,1
12,79,4
12,80,1
12,81,1
12,82,1
12,83,4
12,84,2
12,85,3
12,86,2
12,87,2
12,88,3
12,89,1
12,90,4
12,91,4
12,92,2
12,93,2
12,94,2
12,95,3
12,96,2
12,97,1
12,98,1
12,99,1
12,100,2
12,101,4
12,102,1
12,103,2
12,104,1
12,105,4
12,106,2
12,107,3
12,108,1
12,109,1
12,110,2
12,111,1
12,112,3
12,113,1
12,114,1
12,115,2
12,116,2
12,117,4
12,118,3
12,119,1
12,120,1
12,121,4
12,122,2
12,123,4
12,124,1
12,125,3
12,126,5
12,127,2
12,128,2
12,129,1
12,130,1
12,131,2
12,132,1
12,133,3
12,134,3
12,135,1
12,136,2
12,137,2
12,138,1
12,139,1
12,140,1
12,141,4
12,142,2
12,143,1
12,144,2
12,145,3
12,146,2
12,147,3
12,148,4
12,149,1
12,150,3
12,151,1
12,152,1
12,153,3
12,154,4
12,155,4
12,156,3
12,157,2
12,158,2
12,159,1
12,160,1
12,161,1
12,162,2
12,163,1
12,164,1
12,165,1
12,166,2
12,167,4
12,168,1
12,169,1
12,170,1
12,171,2
12,172,1
12,173,1
12,174,2
12,175,3
12,176,3
12,177,2
12,178,3
12,179,2
12,180,1
12,181,1
12,182,3
12,183,4
12,184,2
12,185,1
12,186,3
12,187,1
12,188,3
12,189,5
12,190,1
12,191,5
12,192,4
12,193,4
12,194,1
12,195,2
12,196,1
12,197,1
12,198,3
12,199,1
12,200,3
12,201,1
12,202,2
12,203,2
12,204,2
12,205,1
12,206,4
12,207,4
12,208,2
12,209,3
12,210,2
12,211,1
12,212,3
12,213,1
12,214,5
12,215,3
12,216,2
12,217,3
12,218,1
12,219,4
12,220,2
13,1,3
13,2,3
13,3,4
13,4,4
13,5,1
13,6,1
13,7,2
13,8,3
13,9,3
13,10,3
13,11,2
13,12,5
13,13,3
13,14,1
13,15,4
13,16,3
13,17,4
13,18,4
13,19,2
13,20,4
13,21,4
13,22,3
13,23,3
13,24,3
13,25,5
13,26,3
13,27,4
13,28,3
13,29,5
13,30,3
13,31,3
13,32,4
13,33,3
13,34,2
13,35,2
13,36,4
13,37,1
13,38,3
13,39,4
13,40,3
13,41,5
13,42,1
13,43,3
13,44,3
13,45,2
13,46,3
13,47,5
13,48,5
13,49,2
13,50,4
13,51,1
13,52,2
13,53,4
13,54,4
13,55,3
13,56,1
13,57,4
13,58,3
13,59,4
13,60,1
13,61,4
13,62,4
13,63,4
13,64,4
13,65,2
13,66,4
13,67,4
13,68,4
13,69,5
13,70,1
13,71,3
13,72,2
13,73,2
13,74,3
13,75,5
13,76,3
13,77,3
13,78,3
13,79,4
13,80,2
13,81,2
13,82,3
13,83,4
13,84,3
13,85,3
13,86,3
13,87,3
13,88,5
13,89,3
13,90,4
13,91,3
13,92,1
13,93,3
13,94,3
13,95,5
13,96,1
13,97,3
13,98,2
13,99,2
13,100,3
13,101,4
13,102,2
13,103,4
13,104,3
13,105,4
13,106,3
13,107,3
13,108,3
13,109,2
13,110,3
13,111,3
13,112,3
13,113,2
13,114,3
13,115,4
13,116,3
13,117,2
13,118,3
13,119,2
13,120,2
13,121,5
13,122,2
13,123,4
13,124,3
13,125,4
13,126,5
13,127,3
13,128,3
13,129,3
13,130,2
13,131,3
13,132,3
13,133,4
13,134,3
13,135,2
13,136,3
13,137,3
13,138,4
13,139,4
13,140,3
13,141,4
13,142,3
13,143,2
13,144,5
13,145,5
13,146,2
13,147,4
13,148,4
13,149,3
13,150,2
13,151,2
13,152,2
13,153,1
13,154,5
13,155,4
13,156,3
13,157,3
13,158,4
13,159,3
13,160,2
13,161,2
13,162,3
13,163,2
13,164,3
13,165,4
13,166,4
13,167,5
13,168,2
13,169,4
13,170,2
13,171,3
13,172,4
13,173,3
13,174,3
13,175,3
13,176,4
13,177,2
13,178,4
13,179,2
13,180,3
13,181,2
13,182,4
13,183,5
13,184,2
13,185,2
13,186,4
13,187,2
13,188,2
13,189,4
13,190,2
13,191,4
13,192,4
13,193,4
13,194,3
13,195,3
13,196,5
13,197,1
13,198,4
13,199,3
13,200,3
13,201,2
13,202,3
13,203,3
13,204,3
13,205,4
13,206,4
13,207,5
13,208,2
13,209,3
13,210,3
13,211,2
13,212,5
13,213,3
13,214,5
13,215,4
13,216,4
13,217,4
13,218,1
13,219,5
13,220,2
14,1,1
14,2,3
14,3,3
14,4,4
14,5,3
14,6,1
14,7,4
14,8,4
14,9,2
14,10,2
14,11,2
14,12,3
14,13,3
14,14,1
14,15,4
14,16,4
14,17,4
14,18,2
14,19,2
14,20,4
14,21,3
14,22,4
14,23,3
14,24,3
14,25,3
14,26,3
14,27,3
14,28,3
14,29,4
14,30,3
14,31,3
14,32,3
14,33,3
14,34,1
14,35,1
14,36,3
14,37,2
14,38,3
14,39,3
14,40,3
14,41,5
14,42,2
14,43,3
14,44,3
14,45,2
14,46,3
14,47,5
14,48,5
14,49,2
14,50,4
14,51,1
14,52,2
14,53,4
14,54,4
14,55,3
14,56,1
14,57,4
14,58,3
14,59,4
14,60,1
14,61,3
14,62,3
14,63,4
14,64,4
14,65,3
14,66,4
14,67,4
14,68,4
14,69,4
14,70,1
14,71,3
14,72,2
14,73,3
14,74,3
14,75,4
14,76,3
14,77,4
14,78,2
14,79,3
14,80,1
14,81,2
14,82,2
14,83,3
14,84,3
14,85,3
14,86,4
14,87,3
14,88,3
14,89,2
14,90,4
14,91,2
14,92,4
14,93,3
14,94,3
14,95,3
14,96,2
14,97,3
14,98,2
14,99,1
14,100,2
14,101,1
14,102,2
14,103,3
14,104,3
14,105,4
14,106,4
14,107,3
14,108,2
14,109,1
14,110,3
14,111,3
14,112,3
14,113,1
14,114,4
14,115,4
14,116,2
14,117,2
14,118,3
14,119,3
14,120,2
14,121,4
14,122,2
14,123,4
14,124,2
14,125,3
14,126,5
14,127,3
14,128,3
14,129,1
14,130,1
14,131,4
14,132,2
14,133,4
14,134,3
14,135,2
14,136,3
14,137,3
14,138,4
14,139,4
14,140,4
14,141,2
14,142,2
14,143,2
14,144,5
14,145,3
14,146,2
14,147,3
14,148,4
14,149,2
14,150,2
14,151,2
14,152,2
14,153,1
14,154,5
14,155,3
14,156,3
14,157,2
14,158,4
14,159,3
14,160,2
14,161,3
14,162,3
14,163,2
14,164,2
14,165,4
14,166,3
14,167,3
14,168,2
14,169,4
14,170,3
14,171,3
14,172,4
14,173,3
14,174,2
14,175,3
14,176,4
14,177,2
14,178,3
14,179,2
14,180,4
14,181,1
14,182,3
14,183,3
14,184,3
14,185,2
14,186,4
14,187,2
14,188,3
14,189,3
14,190,2
14,191,4
14,192,4
14,193,4
14,194,3
14,195,3
14,196,4
14,197,2
14,198,4
14,199,3
14,200,2
14,201,1
14,202,2
14,203,2
14,204,1
14,205,4
14,206,4
14,207,4
14,208,3
14,209,3
14,210,3
14,211,2
14,212,5
14,213,4
14,214,4
14,215,4
14,216,4
14,217,3
14,218,1
14,219,4
14,220,2
15,1,3
15,2,3
15,3,2
15,4,4
15,5,2
15,6,1
15,7,5
15,8,3
15,9,5
15,10,2
15,11,2
15,12,3
15,13,2
15,14,1
15,15,3
15,16,3
15,17,3
15,18,2
15,19,2
15,20,4
15,21,1
15,22,5
15,23,2
15,24,3
15,25,2
15,26,2
15,27,4
15,28,1
15,29,4
15,30,2
15,31,3
15,32,3
15,33,2
15,34,1
15,35,1
15,36,3
15,37,1
15,38,3
15,39,3
15,40,3
15,41,3
15,42,3
15,43,3
15,44,4
15,45,2
15,46,3
15,47,5
15,48,2
15,49,1
15,50,3
15,51,2
15,52,2
15,53,3
15,54,2
15,55,3
15,56,1
15,57,4
15,58,2
15,59,3
15,60,1
15,61,4
15,62,3
15,63,3
15,64,3
15,65,3
15,66,4
15,67,4
15,68,5
15,69,4
15,70,1
15,71,2
15,72,3
15,73,2
15,74,3
15,75,1
15,76,3
15,77,4
15,78,1
15,79,3
15,80,5
15,81,3
15,82,2
15,83,3
15,84,2
15,85,3
15,86,3
15,87,3
15,88,3
15,89,3
15,90,3
15,91,2
15,92,3
15,93,2
15,94,2
15,95,1
15,96,4
15,97,2
15,98,2
15,99,3
15,100,3
15,101,1
15,102,2
15,103,2
15,104,3
15,105,3
15,106,5
15,107,5
15,108,3
15,109,1
15,110,3
15,111,2
15,112,2
15,113,2
15,114,3
15,115,3
15,116,2
15,117,2
15,118,4
15,119,2
15,120,2
15,121,4
15,122,1
15,123,4
15,124,3
15,125,4
15,126,5
15,127,2
15,128,1
15,129,1
15,130,1
15,131,3
15,132,2
15,133,3
15,134,2
15,135,2
15,136,3
15,137,2
15,138,5
15,139,2
15,140,3
15,141,3
15,142,2
15,143,4
15,144,4
15,145,4
15,146,2
15,147,3
15,148,4
15,149,2
15,150,1
15,151,1
15,152,2
15,153,1
15,154,3
15,155,3
15,156,3
15,157,2
15,158,2
15,159,2
15,160,2
15,161,5
15,162,2
15,163,1
15,164,2
15,165,4
15,166,3
15,167,3
15,168,4
15,169,3
15,170,1
15,171,3
15,172,4
15,173,2
15,174,2
15,175,1
15,176,4
15,177,3
15,178,2
15,179,2
15,180,3
15,181,3
15,182,3
15,183,3
15,184,2
15,185,2
15,186,4
15,187,2
15,188,3
15,189,3
15,190,1
15,191,4
15,192,3
15,193,4
15,194,4
15,195,3
15,196,3
15,197,2
15,198,4
15,199,3
15,200,2
15,201,1
15,202,1
15,203,3
15,204,2
15,205,3
15,206,2
15,207,3
15,208,2
15,209,3
15,210,2
15,211,1
15,212,5
15,213,4
15,214,4
15,215,3
15,216,3
15,217,3
15,218,2
15,219,3
15,220,1
16,1,1
16,2,4
16,3,1
16,4,5
16,5,3
16,6,2
16,7,2
16,8,1
16,9,2
16,10,2
16,11,1
16,12,2
16,13,1
16,14,1
16,15,2
16,16,1
16,17,1
16,18,1
16,19,1
16,20,1
16,21,2
16,22,2
16,23,2
16,24,2
16,25,1
16,26,2
16,27,2
16,28,2
16,29,3
16,30,2
16,31,1
16,32,3
16,33,1
16,34,2
16,35,1
16,36,3
16,37,2
16,38,1
16,39,4
16,40,3
16,41,5
16,42,1
16,43,2
16,44,2
16,45,3
16,46,1
16,47,4
16,48,5
16,49,2
16,50,2
16,51,2
16,52,1
16,53,3
16,54,2
16,55,2
16,56,1
16,57,3
16,58,2
16,59,3
16,60,1
16,61,2
16,62,2
16,63,3
16,64,1
16,65,4
16,66,3
16,67,2
16,68,4
16,69,2
16,70,2
16,71,1
16,72,2
16,73,5
16,74,2
16,75,1
16,76,3
16,77,2
16,78,1
16,79,4
16,80,1
16,81,1
16,82,1
16,83,2
16,84,2
16,85,2
16,86,2
16,87,2
16,88,1
16,89,1
16,90,2
16,91,4
16,92,1
16,93,3
16,94,2
16,95,3
16,96,3
16,97,1
16,98,2
16,99,3
16,100,1
16,101,4
16,102,3
16,103,1
16,104,3
16,105,2
16,106,2
16,107,1
16,108,1
16,109,1
16,110,2
16,111,1
16,112,1
16,113,1
16,114,1
16,115,4
16,116,1
16,117,1
16,118,3
16,119,3
16,120,1
16,121,3
16,122,1
16,123,3
16,124,1
16,125,3
16,126,3
16,127,1
16,128,2
16,129,2
16,130,1
16,131,2
16,132,2
16,133,2
16,134,2
16,135,1
16,136,2
16,137,1
16,138,2
16,139,2
16,140,3
16,141,1
16,142,1
16,143,2
16,144,3
16,145,3
16,146,1
16,147,3
16,148,3
16,149,1
16,150,2
16,151,2
16,152,3
16,153,2
16,154,1
16,155,3
16,156,3
16,157,1
16,158,1
16,159,1
16,160,2
16,161,2
16,162,2
16,163,1
16,164,1
16,165,3
16,166,2
16,167,2
16,168,2
16,169,1
16,170,1
16,171,3
16,172,2
16,173,2
16,174,2
16,175,2
16,176,3
16,177,3
16,178,2
16,179,1
16,180,1
16,181,2
16,182,3
16,183,2
16,184,1
16,185,3
16,186,2
16,187,1
16,188,3
16,189,4
16,190,1
16,191,3
16,192,2
16,193,3
16,194,3
16,195,2
16,196,2
16,197,1
16,198,3
16,199,2
16,200,2
16,201,1
16,202,1
16,203,2
16,204,2
16,205,1
16,206,2
16,207,3
16,208,1
16,209,3
16,210,1
16,211,1
16,212,4
16,213,2
16,214,2
16,215,2
16,216,3
16,217,2
16,218,1
16,219,3
16,220,2
17,1,3
17,2,3
17,3,4
17,4,5
17,5,4
17,6,4
17,7,4
17,8,3
17,9,4
17,10,5
17,11,2
17,12,5
17,13,5
17,14,5
17,15,5
17,16,5
17,17,5
17,18,4
17,19,4
17,20,3
17,21,5
17,22,5
17,23,5
17,24,4
17,25,4
17,26,5
17,27,4
17,28,5
17,29,5
17,30,5
17,31,5
17,32,5
17,33,3
17,34,4
17,35,5
17,36,3
17,37,2
17,38,5
17,39,4
17,40,5
17,41,4
17,42,5
17,43,5
17,44,5
17,45,1
17,46,5
17,47,5
17,48,4
17,49,5
17,50,5
17,51,5
17,52,4
17,53,3
17,54,5
17,55,5
17,56,5
17,57,5
17,58,4
17,59,5
17,60,5
17,61,5
17,62,5
17,63,5
17,64,5
17,65,5
17,66,3
17,67,5
17,68,5
17,69,5
17,70,5
17,71,4
17,72,4
17,73,5
17,74,5
17,75,4
17,76,5
17,77,5
17,78,3
17,79,5
17,80,5
17,81,4
17,82,5
17,83,5
17,84,4
17,85,4
17,86,4
17,87,5
17,88,5
17,89,3
17,90,4
17,91,5
17,92,5
17,93,5
17,94,4
17,95,5
17,96,5
17,97,4
17,98,5
17,99,4
17,100,4
17,101,5
17,102,5
17,103,5
17,104,5
17,105,4
17,106,4
17,107,5
17,108,4
17,109,5
17,110,4
17,111,4
17,112,3
17,113,5
17,114,4
17,115,5
17,116,5
17,117,5
17,118,4
17,119,5
17,120,4
17,121,5
17,122,5
17,123,5
17,124,3
17,125,4
17,126,5
17,127,5
17,128,2
17,129,5
17,130,3
17,131,3
17,132,4
17,133,5
17,134,5
17,135,5
17,136,5
17,137,5
17,138,3
17,139,5
17,140,5
17,141,4
17,142,5
17,143,4
17,144,5
17,145,5
17,146,5
17,147,5
17,148,5
17,149,5
17,150,5
17,151,4
17,152,5
17,153,5
17,154,5
17,155,5
17,156,3
17,157,2
17,158,5
17,159,5
17,160,4
17,161,4
17,162,5
17,163,5
17,164,3
17,165,3
17,166,2
17,167,5
17,168,4
17,169,4
17,170,5
17,171,5
17,172,5
17,173,4
17,174,5
17,175,5
17,176,5
17,177,4
17,178,4
17,179,5
17,180,5
17,181,4
17,182,5
17,183,5
17,184,5
17,185,3
17,186,5
17,187,4
17,188,4
17,189,4
17,190,4
17,191,5
17,192,3
17,193,4
17,194,5
17,195,4
17,196,4
17,197,3
17,198,4
17,199,4
17,200,5
17,201,4
17,202,5
17,203,4
17,204,4
17,205,5
17,206,5
17,207,5
17,208,4
17,209,5
17,210,5
17,211,3
17,212,5
17,213,5
17,214,5
17,215,4
17,216,4
17,217,4
17,218,2
17,219,5
17,220,5